{
    "test": [
        {
            "test_avg_loss": 5.213275909423828,
            "test_avg_sacrebleu": 0.0,
            "test_avg_gen_time": 0.15532842685178888,
            "test_avg_gen_len": 2.2818791946308723,
            "test_avg_bleu": -1.0,
            "step_count": -1
        }
    ]
}